Id,Pred
2017_1181_1437,0.228691765513
2017_1124_1437,0.124324392814
2017_1196_1437,0.113138991952
2017_1437_1438,0.820983493611
2017_1374_1437,0.243499632449
2017_1376_1437,0.0494457799676
2017_1437_1458,0.860397598563
2017_1437_1439,0.961022112884
2017_1266_1437,0.0381565490363
2017_1344_1437,0.0526138103198
2017_1425_1437,0.0474238245337
2017_1423_1437,0.059213634242
2017_1190_1437,0.0303839598174
2017_1308_1437,0.0322060966641
2017_1407_1437,0.00488671955575
2017_1291_1437,0.00397714140867
2017_1309_1437,0.0028746464988
2017_1211_1437,0.317917791493
2017_1112_1437,0.289285050634
2017_1199_1437,0.115389614216
2017_1437_1452,0.818879666548
2017_1323_1437,0.125210616651
2017_1268_1437,0.102602892446
2017_1388_1437,0.149579306432
2017_1321_1437,0.0452215949039
2017_1435_1437,0.036680577308
2017_1433_1437,0.092761179065
2017_1437_1462,0.936000156547
2017_1343_1437,0.0561410792718
2017_1137_1437,0.0289163425666
2017_1195_1437,0.0191934036643
2017_1315_1437,0.00779212817851
2017_1355_1437,0.0110878343773
2017_1242_1437,0.35178471303
2017_1257_1437,0.208793557432
2017_1332_1437,0.297496847715
2017_1345_1437,0.137243777436
2017_1235_1437,0.118986152945
2017_1166_1437,0.0562584037132
2017_1276_1437,0.0933538710205
2017_1274_1437,0.0739657772213
2017_1277_1437,0.0562812698103
2017_1329_1437,0.0414843534661
2017_1348_1437,0.067297936865
2017_1305_1437,0.0500484011131
2017_1436_1437,0.0464176452371
2017_1233_1437,0.0171951499951
2017_1240_1437,0.00262766727728
2017_1300_1437,0.00563918203079
2017_1413_1437,0.00621171582693
2017_1314_1437,0.361161471085
2017_1246_1437,0.338963751782
2017_1417_1437,0.168369179572
2017_1139_1437,0.107338017543
2017_1278_1437,0.031711624175
2017_1153_1437,0.161148296945
2017_1173_1437,0.0886905754116
2017_1116_1437,0.0734349771284
2017_1371_1437,0.0690025033993
2017_1437_1455,0.772962204143
2017_1243_1437,0.0327345505768
2017_1437_1448,0.974718510632
2017_1292_1437,0.0791758335837
2017_1437_1457,0.979479628307
2017_1245_1437,0.0129791732121
2017_1297_1437,0.00725206887174
2017_1411_1437,0.00717047033758
2017_1124_1181,0.323286154988
2017_1181_1196,0.699660211631
2017_1181_1438,0.576795956499
2017_1181_1374,0.480059766094
2017_1181_1376,0.851039534008
2017_1181_1458,0.646846307115
2017_1181_1439,0.879913583752
2017_1181_1266,0.882234594975
2017_1181_1344,0.842551627324
2017_1181_1425,0.856516618591
2017_1181_1423,0.825227418699
2017_1181_1190,0.904615549983
2017_1181_1308,0.899300149629
2017_1181_1407,0.983744653617
2017_1181_1291,0.986742112178
2017_1181_1309,0.990392487154
2017_1181_1211,0.389352803896
2017_1112_1181,0.577991071372
2017_1181_1199,0.694966514937
2017_1181_1452,0.573313873391
2017_1181_1323,0.674935839216
2017_1181_1268,0.722168063181
2017_1181_1388,0.628202585912
2017_1181_1321,0.862535866142
2017_1181_1435,0.886426380323
2017_1181_1433,0.7440234384
2017_1181_1462,0.812957680975
2017_1181_1343,0.833233330373
2017_1137_1181,0.0910720521073
2017_1181_1195,0.938220753914
2017_1181_1315,0.974254877777
2017_1181_1355,0.963644122068
2017_1181_1242,0.353843421932
2017_1181_1257,0.529670617883
2017_1181_1332,0.412377731425
2017_1181_1345,0.651350909891
2017_1181_1235,0.687546836386
2017_1166_1181,0.167074258188
2017_1181_1276,0.742683672135
2017_1181_1274,0.788168011787
2017_1181_1277,0.832865811486
2017_1181_1329,0.872881347125
2017_1181_1348,0.804642267983
2017_1181_1305,0.849416209955
2017_1181_1436,0.859259750345
2017_1181_1233,0.94440135246
2017_1181_1240,0.99121283217
2017_1181_1300,0.981274578254
2017_1181_1413,0.979400950674
2017_1181_1314,0.344554186973
2017_1181_1246,0.366914799169
2017_1181_1417,0.594798616935
2017_1139_1181,0.288058072498
2017_1181_1278,0.900738374565
2017_1153_1181,0.392618653323
2017_1173_1181,0.246691175822
2017_1116_1181,0.210536755751
2017_1181_1371,0.800388292074
2017_1181_1455,0.502930666394
2017_1181_1243,0.897766537306
2017_1181_1448,0.919730088291
2017_1181_1292,0.775600066883
2017_1181_1457,0.934147223288
2017_1181_1245,0.95762729615
2017_1181_1297,0.976009142863
2017_1181_1411,0.976274581108
2017_1124_1196,0.526266026459
2017_1124_1438,0.393914952014
2017_1124_1374,0.305695165371
2017_1124_1376,0.731502337874
2017_1124_1458,0.466223005709
2017_1124_1439,0.777488947063
2017_1124_1266,0.781297564327
2017_1124_1344,0.718456439163
2017_1124_1425,0.740032035995
2017_1124_1423,0.692461845827
2017_1124_1190,0.818924088474
2017_1124_1308,0.809837263317
2017_1124_1407,0.96650936272
2017_1124_1291,0.972596448011
2017_1124_1309,0.98006294041
2017_1124_1211,0.233160060988
2017_1112_1124,0.741743722654
2017_1124_1199,0.520718797917
2017_1124_1452,0.390518138899
2017_1124_1323,0.497518925564
2017_1124_1268,0.553475215782
2017_1124_1388,0.446207531833
2017_1124_1321,0.749508798723
2017_1124_1435,0.788219690842
2017_1124_1433,0.580899549988
2017_1124_1462,0.674547314084
2017_1124_1343,0.704370732584
2017_1124_1137,0.826367044599
2017_1124_1195,0.878670325799
2017_1124_1315,0.947494755305
2017_1124_1355,0.926684881536
2017_1124_1242,0.207065281513
2017_1124_1257,0.349395512686
2017_1124_1332,0.250741030895
2017_1124_1345,0.471147876192
2017_1124_1235,0.512036658878
2017_1124_1166,0.70390992549
2017_1124_1276,0.579188891519
2017_1124_1274,0.639546966949
2017_1124_1277,0.70382017277
2017_1124_1329,0.76605345017
2017_1124_1348,0.662632111219
2017_1124_1305,0.728991166045
2017_1124_1436,0.744337403929
2017_1124_1233,0.890110757482
2017_1124_1240,0.981749028426
2017_1124_1300,0.961522741282
2017_1124_1413,0.957757862559
2017_1124_1314,0.200434058994
2017_1124_1246,0.216531507834
2017_1124_1417,0.411763304843
2017_1124_1139,0.540986527293
2017_1124_1278,0.812286518227
2017_1124_1153,0.42453074286
2017_1124_1173,0.592864201417
2017_1116_1124,0.358662594096
2017_1124_1371,0.656605516802
2017_1124_1455,0.325458853755
2017_1124_1243,0.807233222443
2017_1124_1448,0.845295047001
2017_1124_1292,0.622385937231
2017_1124_1457,0.871209231066
2017_1124_1245,0.915090334096
2017_1124_1297,0.950980702201
2017_1124_1411,0.951509300638
2017_1196_1438,0.36944030022
2017_1196_1374,0.284132161188
2017_1196_1376,0.710646258759
2017_1196_1458,0.440521104255
2017_1196_1439,0.759028245174
2017_1196_1266,0.763056548235
2017_1196_1344,0.697006737395
2017_1196_1425,0.719584530464
2017_1196_1423,0.66994152446
2017_1190_1196,0.196969838765
2017_1196_1308,0.793347011339
2017_1196_1407,0.962984183117
2017_1196_1291,0.969691894998
2017_1196_1309,0.977931818144
2017_1196_1211,0.215128192344
2017_1112_1196,0.761111830937
2017_1196_1199,0.494797509525
2017_1196_1452,0.366127044978
2017_1196_1323,0.471616107137
2017_1196_1268,0.527718721326
2017_1196_1388,0.420739299256
2017_1196_1321,0.729534255901
2017_1196_1435,0.770386344781
2017_1196_1433,0.555454388437
2017_1196_1462,0.651375606788
2017_1196_1343,0.682322400594
2017_1137_1196,0.189024373732
2017_1195_1196,0.132829995178
2017_1196_1315,0.942088047944
2017_1196_1355,0.919317759337
2017_1196_1242,0.190550031879
2017_1196_1257,0.326198218896
2017_1196_1332,0.23176043145
2017_1196_1345,0.445401023598
2017_1196_1235,0.486109213276
2017_1166_1196,0.318157250521
2017_1196_1276,0.553719661059
2017_1196_1274,0.615304465284
2017_1196_1277,0.681749331899
2017_1196_1329,0.746952785554
2017_1196_1348,0.639065988695
2017_1196_1305,0.708017885817
2017_1196_1436,0.724102283444
2017_1196_1233,0.87954617094
2017_1196_1240,0.979794420598
2017_1196_1300,0.957495759491
2017_1196_1413,0.953355967773
2017_1196_1314,0.184324759857
2017_1196_1246,0.199451157299
2017_1196_1417,0.38688758862
2017_1139_1196,0.484859274033
2017_1196_1278,0.795955143578
2017_1153_1196,0.600592572374
2017_1173_1196,0.432395254486
2017_1116_1196,0.382856764836
2017_1196_1371,0.632851671263
2017_1196_1455,0.303110376685
2017_1196_1243,0.790575552573
2017_1196_1448,0.831238821393
2017_1196_1292,0.597715253729
2017_1196_1457,0.859115097234
2017_1196_1245,0.906675458963
2017_1196_1297,0.945912467496
2017_1196_1411,0.946492644036
2017_1374_1438,0.597149607204
2017_1376_1438,0.19325789849
2017_1438_1458,0.57234036073
2017_1438_1439,0.842614708914
2017_1266_1438,0.154469929199
2017_1344_1438,0.203665859111
2017_1425_1438,0.186509004059
2017_1423_1438,0.224719097078
2017_1190_1438,0.126110512243
2017_1308_1438,0.132886629429
2017_1407_1438,0.0221147972031
2017_1291_1438,0.0180566979063
2017_1309_1438,0.0131025821934
2017_1211_1438,0.682185264211
2017_1112_1438,0.652110950017
2017_1199_1438,0.375277230808
2017_1438_1452,0.495396505739
2017_1323_1438,0.397283718457
2017_1268_1438,0.344920569395
2017_1388_1438,0.447515445882
2017_1321_1438,0.179062138257
2017_1435_1438,0.149192604247
2017_1433_1438,0.320127158919
2017_1438_1462,0.760522275799
2017_1343_1438,0.215021399002
2017_1137_1438,0.120594154444
2017_1195_1438,0.0826693838145
2017_1315_1438,0.0349039168703
2017_1355_1438,0.0490992000183
2017_1242_1438,0.714223624285
2017_1257_1438,0.54859043378
2017_1332_1438,0.661042577109
2017_1345_1438,0.422825904459
2017_1235_1438,0.383462760989
2017_1166_1438,0.215394982259
2017_1276_1438,0.321657529084
2017_1274_1438,0.26891809041
2017_1277_1438,0.215467761654
2017_1329_1438,0.166189209939
2017_1348_1438,0.249409102354
2017_1305_1438,0.1952532075
2017_1436_1438,0.183119164794
2017_1233_1438,0.0745649632627
2017_1240_1438,0.0119874200406
2017_1300_1438,0.0254522069603
2017_1413_1438,0.0279797113436
2017_1314_1438,0.722493371205
2017_1246_1438,0.702509055374
2017_1417_1438,0.482497268459
2017_1139_1438,0.356397392905
2017_1278_1438,0.131055696016
2017_1153_1438,0.46940853517
2017_1173_1438,0.30948269527
2017_1116_1438,0.267392226488
2017_1371_1438,0.254467842533
2017_1438_1455,0.425049978377
2017_1243_1438,0.134836934757
2017_1438_1448,0.893298562674
2017_1292_1438,0.283654026544
2017_1438_1457,0.912008837598
2017_1245_1438,0.0571000535573
2017_1297_1438,0.0325464224335
2017_1411_1438,0.0321894461513
2017_1374_1376,0.861638753987
2017_1374_1458,0.666277366171
2017_1374_1439,0.88872691056
2017_1266_1374,0.109101299866
2017_1344_1374,0.146349058118
2017_1374_1425,0.866787121561
2017_1374_1423,0.837312188249
2017_1190_1374,0.0882023123425
2017_1308_1374,0.0931586969392
2017_1374_1407,0.985066983007
2017_1291_1374,0.0121763756592
2017_1309_1374,0.00882111797276
2017_1211_1374,0.589970400444
2017_1112_1374,0.556838620518
2017_1199_1374,0.287075028734
2017_1374_1452,0.594252950114
2017_1323_1374,0.306446429341
2017_1268_1374,0.260873788482
2017_1374_1388,0.648101390047
2017_1321_1374,0.127560319999
2017_1374_1435,0.894818859173
2017_1374_1433,0.760090753467
2017_1374_1462,0.82571166766
2017_1343_1374,0.155131409964
2017_1137_1374,0.0841844061347
2017_1195_1374,0.0569681211178
2017_1315_1374,0.0236693986417
2017_1355_1374,0.0334540289244
2017_1242_1374,0.626211227129
2017_1257_1374,0.4489256264
2017_1332_1374,0.566590574457
2017_1345_1374,0.329339689116
2017_1235_1374,0.294242830751
2017_1166_1374,0.155421541128
2017_1276_1374,0.241192178853
2017_1274_1374,0.197798926316
2017_1277_1374,0.155478071808
2017_1329_1374,0.117858348327
2017_1348_1374,0.182163789128
2017_1305_1374,0.139888049359
2017_1374_1436,0.869363848421
2017_1233_1374,0.0512425551373
2017_1240_1374,0.00806737294483
2017_1300_1374,0.017205672598
2017_1374_1413,0.981069829318
2017_1314_1374,0.635728888026
2017_1246_1374,0.612844514339
2017_1374_1417,0.615390662022
2017_1139_1374,0.270709724207
2017_1278_1374,0.0918171804641
2017_1153_1374,0.372265844746
2017_1173_1374,0.23102571807
2017_1116_1374,0.196568098606
2017_1371_1374,0.186196945504
2017_1374_1455,0.524458780707
2017_1243_1374,0.0945895408605
2017_1374_1448,0.925867415026
2017_1292_1374,0.209755867627
2017_1374_1457,0.939255039773
2017_1245_1374,0.0390100459636
2017_1297_1374,0.022053371115
2017_1374_1411,0.978191109511
2017_1376_1458,0.24306001499
2017_1376_1439,0.562282614981
2017_1266_1376,0.432273205212
2017_1344_1376,0.515955486209
2017_1376_1425,0.511366429479
2017_1376_1423,0.452888283882
2017_1190_1376,0.375565504549
2017_1308_1376,0.38976703329
2017_1376_1407,0.913864726718
2017_1291_1376,0.071184495429
2017_1309_1376,0.052432329063
2017_1211_1376,0.899457785501
2017_1112_1376,0.886523603738
2017_1199_1376,0.714581155212
2017_1376_1452,0.190649364855
2017_1323_1376,0.733134794369
2017_1268_1376,0.68695878735
2017_1376_1388,0.228523464065
2017_1321_1376,0.476184847714
2017_1376_1435,0.577755410042
2017_1376_1433,0.337558305077
2017_1376_1462,0.432456221556
2017_1343_1376,0.533067384165
2017_1137_1376,0.363678453872
2017_1195_1376,0.273043238766
2017_1315_1376,0.130988500499
2017_1355_1376,0.177090516701
2017_1242_1376,0.912405659186
2017_1257_1376,0.835120190399
2017_1332_1376,0.890448014838
2017_1345_1376,0.75328287122
2017_1235_1376,0.721618790584
2017_1166_1376,0.533617911154
2017_1276_1376,0.66401024596
2017_1274_1376,0.605219937896
2017_1277_1376,0.533725071603
2017_1329_1376,0.453758080711
2017_1348_1376,0.580692193883
2017_1305_1376,0.50278780129
2017_1376_1436,0.516987040795
2017_1233_1376,0.251390230171
2017_1240_1376,0.0481330657493
2017_1300_1376,0.098164338199
2017_1376_1413,0.892881218878
2017_1314_1376,0.915618005811
2017_1246_1376,0.907765873069
2017_1376_1417,0.20467259666
2017_1139_1376,0.697695232115
2017_1278_1376,0.385972202116
2017_1153_1376,0.78665226347
2017_1173_1376,0.651319195413
2017_1116_1376,0.603360707441
2017_1371_1376,0.587213508583
2017_1376_1455,0.15065690157
2017_1243_1376,0.393775350149
2017_1376_1448,0.667634243196
2017_1292_1376,0.622688153958
2017_1376_1457,0.713211195067
2017_1245_1376,0.20152771673
2017_1297_1376,0.12296812085
2017_1376_1411,0.878255816879
2017_1439_1458,0.200306292125
2017_1266_1458,0.196781548442
2017_1344_1458,0.25538285469
2017_1425_1458,0.235155859104
2017_1423_1458,0.279903069823
2017_1190_1458,0.162143713241
2017_1308_1458,0.170478253064
2017_1407_1458,0.0294344395283
2017_1291_1458,0.0240662305675
2017_1309_1458,0.0174926851658
2017_1211_1458,0.742167428942
2017_1112_1458,0.715401172358
2017_1199_1458,0.446156799385
2017_1452_1458,0.577335854872
2017_1323_1458,0.469198028216
2017_1268_1458,0.413864940662
2017_1388_1458,0.520667558737
2017_1321_1458,0.226306987009
2017_1435_1458,0.190384170667
2017_1433_1458,0.387043779337
2017_1458_1462,0.70310197515
2017_1343_1458,0.268649137494
2017_1137_1458,0.155331342365
2017_1195_1458,0.10782172222
2017_1315_1458,0.0462563214422
2017_1355_1458,0.06475877888
2017_1242_1458,0.770196007893
2017_1257_1458,0.619731532258
2017_1332_1458,0.723397126157
2017_1345_1458,0.495562207704
2017_1235_1458,0.454762934757
2017_1166_1458,0.269083955566
2017_1276_1458,0.388711147591
2017_1274_1458,0.330331331867
2017_1277_1458,0.269168652372
2017_1329_1458,0.210910186842
2017_1348_1458,0.308245529921
2017_1305_1458,0.245492526586
2017_1436_1458,0.231133067055
2017_1233_1458,0.0975136311604
2017_1240_1458,0.0160099422949
2017_1300_1458,0.0338382542254
2017_1413_1458,0.0371667664983
2017_1314_1458,0.777350960085
2017_1246_1458,0.760004885588
2017_1417_1458,0.555616960845
2017_1139_1458,0.426143481839
2017_1278_1458,0.168229863123
2017_1153_1458,0.542624516175
2017_1173_1458,0.375402873676
2017_1116_1458,0.328613634901
2017_1371_1458,0.313998413713
2017_1455_1458,0.644627970662
2017_1243_1458,0.172870279435
2017_1448_1458,0.138065098817
2017_1292_1458,0.34683600371
2017_1457_1458,0.114560454971
2017_1245_1458,0.075109845424
2017_1297_1458,0.0431663539768
2017_1411_1458,0.0426980368198
2017_1266_1439,0.493479422496
2017_1344_1439,0.576968818509
2017_1425_1439,0.550087728167
2017_1423_1439,0.607187739747
2017_1190_1439,0.434893061575
2017_1308_1439,0.449722276054
2017_1407_1439,0.107621988442
2017_1291_1439,0.089306153971
2017_1309_1439,0.0661200248029
2017_1211_1439,0.91965828147
2017_1112_1439,0.90906003796
2017_1199_1439,0.762101847447
2017_1439_1452,0.155474263988
2017_1323_1439,0.778523830926
2017_1268_1439,0.73738831103
2017_1388_1439,0.812016440393
2017_1321_1439,0.537719690754
2017_1435_1439,0.483239492281
2017_1433_1439,0.715183289496
2017_1439_1462,0.373241531546
2017_1343_1439,0.593622628151
2017_1137_1439,0.422398454152
2017_1195_1439,0.324594153125
2017_1315_1439,0.161684433015
2017_1355_1439,0.215905878028
2017_1242_1439,0.930206583662
2017_1257_1439,0.866326035137
2017_1332_1439,0.912282177537
2017_1345_1439,0.79619769339
2017_1235_1439,0.76834760462
2017_1166_1439,0.594156115461
2017_1276_1439,0.716611605754
2017_1274_1439,0.662344983871
2017_1277_1439,0.594259942513
2017_1329_1439,0.515245510821
2017_1348_1439,0.639250888642
2017_1305_1439,0.56405853013
2017_1436_1439,0.544512937063
2017_1233_1439,0.300543163965
2017_1240_1439,0.0607703986426
2017_1300_1439,0.122250330743
2017_1413_1439,0.133077660864
2017_1314_1439,0.9328141876
2017_1246_1439,0.926433670161
2017_1417_1439,0.832554527368
2017_1139_1439,0.747032073907
2017_1278_1439,0.445770123898
2017_1153_1439,0.825110303763
2017_1173_1439,0.705024789753
2017_1116_1439,0.660603917448
2017_1371_1439,0.645417580302
2017_1439_1455,0.121750499246
2017_1243_1439,0.453888561519
2017_1439_1448,0.610878329242
2017_1292_1439,0.678627726012
2017_1439_1457,0.66027788237
2017_1245_1439,0.244110424167
2017_1297_1439,0.152113543959
2017_1411_1439,0.150649343081
2017_1266_1344,0.416386209752
2017_1266_1425,0.443169380504
2017_1266_1423,0.386324134017
2017_1190_1266,0.441609896101
2017_1266_1308,0.543516864894
2017_1266_1407,0.889729490349
2017_1266_1291,0.908449825684
2017_1266_1309,0.932175169078
2017_1211_1266,0.921651261522
2017_1112_1266,0.911290561718
2017_1199_1266,0.767013063534
2017_1266_1452,0.151925412938
2017_1266_1323,0.216807525477
2017_1266_1268,0.257362573847
2017_1266_1388,0.183854198791
2017_1266_1321,0.455505546859
2017_1266_1435,0.509944504408
2017_1266_1433,0.279291865447
2017_1266_1462,0.36688133861
2017_1266_1343,0.399812722775
2017_1137_1266,0.429068833437
2017_1195_1266,0.330604066606
2017_1266_1315,0.834583217414
2017_1266_1355,0.77943942628
2017_1242_1266,0.931957259208
2017_1257_1266,0.869454193628
2017_1266_1332,0.0855588912948
2017_1266_1345,0.199410794977
2017_1235_1266,0.773168259324
2017_1166_1266,0.600717943171
2017_1266_1276,0.277880490379
2017_1266_1274,0.331580417563
2017_1266_1277,0.399178780661
2017_1266_1329,0.477943112754
2017_1266_1348,0.354481396282
2017_1266_1305,0.429244575567
2017_1266_1436,0.448728776702
2017_1233_1266,0.306309725325
2017_1240_1266,0.0623464810836
2017_1266_1300,0.874791662678
2017_1266_1413,0.863743019687
2017_1266_1314,0.0654959397458
2017_1246_1266,0.928271686666
2017_1266_1417,0.163676326177
2017_1139_1266,0.752153217943
2017_1266_1278,0.547479572054
2017_1153_1266,0.829012603
2017_1173_1266,0.71066696878
2017_1116_1266,0.666694076492
2017_1266_1371,0.348363458573
2017_1266_1455,0.118863083234
2017_1243_1266,0.460659621044
2017_1266_1448,0.604373509058
2017_1266_1292,0.315451096249
2017_1266_1457,0.654131306945
2017_1245_1266,0.249179941931
2017_1266_1297,0.844334017043
2017_1266_1411,0.845826194933
2017_1344_1425,0.528060104192
2017_1344_1423,0.469507234302
2017_1190_1344,0.360015135968
2017_1308_1344,0.373980817568
2017_1344_1407,0.918985967611
2017_1291_1344,0.0668871042184
2017_1309_1344,0.0492070269451
2017_1211_1344,0.893245486965
2017_1112_1344,0.879619088046
2017_1199_1344,0.700746241283
2017_1344_1452,0.201183896085
2017_1323_1344,0.719846630651
2017_1268_1344,0.672398783923
2017_1344_1388,0.240528822637
2017_1321_1344,0.459534281256
2017_1344_1435,0.593981823501
2017_1344_1433,0.352673209981
2017_1344_1462,0.448940637914
2017_1343_1344,0.516388618265
2017_1137_1344,0.348345701379
2017_1195_1344,0.259970525577
2017_1315_1344,0.123561043737
2017_1344_1355,0.832447041651
2017_1242_1344,0.906910584997
2017_1257_1344,0.825702935055
2017_1332_1344,0.883750970165
2017_1344_1345,0.259356960402
2017_1235_1344,0.707985603805
2017_1166_1344,0.516940990052
2017_1276_1344,0.648928354015
2017_1274_1344,0.589131982562
2017_1277_1344,0.517048514331
2017_1329_1344,0.437237127601
2017_1344_1348,0.435675771019
2017_1305_1344,0.486070205629
2017_1344_1436,0.533663806263
2017_1233_1344,0.239013363439
2017_1240_1344,0.0451596229487
2017_1300_1344,0.0924002128431
2017_1344_1413,0.899112320871
2017_1314_1344,0.910304641644
2017_1246_1344,0.902010989908
2017_1344_1417,0.215775413968
2017_1139_1344,0.68340445509
2017_1278_1344,0.370246430868
2017_1153_1344,0.775211856167
2017_1173_1344,0.635979932461
2017_1116_1344,0.587248657186
2017_1344_1371,0.429087996044
2017_1344_1455,0.159416874008
2017_1243_1344,0.377927332922
2017_1344_1448,0.682305952774
2017_1292_1344,0.606849634737
2017_1344_1457,0.726694594892
2017_1245_1344,0.190979486338
2017_1297_1344,0.115934772398
2017_1344_1411,0.885228321468
2017_1423_1425,0.557961391317
2017_1190_1425,0.385912083271
2017_1308_1425,0.400254073403
2017_1407_1425,0.0896530518233
2017_1291_1425,0.074141218702
2017_1309_1425,0.0546559949969
2017_1211_1425,0.903357471058
2017_1112_1425,0.890864091057
2017_1199_1425,0.723446808681
2017_1425_1452,0.183969568532
2017_1323_1425,0.741632510429
2017_1268_1425,0.69631781055
2017_1388_1425,0.779121180758
2017_1321_1425,0.487140901493
2017_1425_1435,0.567014555865
2017_1425_1433,0.327816074071
2017_1425_1462,0.421718731432
2017_1343_1425,0.543973073363
2017_1137_1425,0.373893638194
2017_1195_1425,0.281840207176
2017_1315_1425,0.136065353402
2017_1355_1425,0.183576729587
2017_1242_1425,0.915850125651
2017_1257_1425,0.841074390001
2017_1332_1425,0.89465623008
2017_1345_1425,0.761347863169
2017_1235_1425,0.730348332653
2017_1166_1425,0.544521728824
2017_1276_1425,0.673729503786
2017_1274_1425,0.615655466526
2017_1277_1425,0.544628521902
2017_1329_1425,0.46465585843
2017_1348_1425,0.591338291715
2017_1305_1425,0.513755609689
2017_1425_1436,0.506022038335
2017_1233_1425,0.259738834543
2017_1240_1425,0.0501840555405
2017_1300_1425,0.102118489565
2017_1413_1425,0.111389075251
2017_1314_1425,0.918947374793
2017_1246_1425,0.911375067574
2017_1417_1425,0.802378562524
2017_1139_1425,0.706870234676
2017_1278_1425,0.39642346789
2017_1153_1425,0.793924850692
2017_1173_1425,0.661218265157
2017_1116_1425,0.613814022579
2017_1371_1425,0.597808710011
2017_1425_1455,0.145127067491
2017_1243_1425,0.404298785339
2017_1425_1448,0.657825630595
2017_1292_1425,0.632941977584
2017_1425_1457,0.704151598006
2017_1245_1425,0.208682003528
2017_1297_1425,0.127779827936
2017_1411_1425,0.126514906512
2017_1190_1423,0.332360719437
2017_1308_1423,0.345833332504
2017_1407_1423,0.0723675785383
2017_1291_1423,0.0596505213163
2017_1309_1423,0.0437934953081
2017_1211_1423,0.881017474492
2017_1112_1423,0.866064295646
2017_1199_1423,0.674503515743
2017_1423_1452,0.22154548033
2017_1323_1423,0.694548775213
2017_1268_1423,0.644929772008
2017_1388_1423,0.736441364644
2017_1321_1423,0.429364030613
2017_1423_1435,0.623088813038
2017_1423_1433,0.381053116336
2017_1423_1462,0.479330991577
2017_1343_1423,0.485841104081
2017_1137_1423,0.32113787195
2017_1195_1423,0.237153277932
2017_1315_1423,0.110921732091
2017_1355_1423,0.151189899262
2017_1242_1423,0.896065692343
2017_1257_1423,0.807406461129
2017_1332_1423,0.870592978588
2017_1345_1423,0.716483470185
2017_1235_1423,0.682089712205
2017_1166_1423,0.486393663858
2017_1276_1423,0.62060179076
2017_1274_1423,0.559257573902
2017_1277_1423,0.486501233414
2017_1329_1423,0.407427222873
2017_1348_1423,0.534072596881
2017_1305_1423,0.455626476066
2017_1423_1436,0.563920308327
2017_1233_1423,0.217494901887
2017_1240_1423,0.0401725544809
2017_1300_1423,0.0826478258718
2017_1413_1423,0.0903286372152
2017_1314_1423,0.899811474205
2017_1246_1423,0.890664110747
2017_1417_1423,0.762824683147
2017_1139_1423,0.656386675027
2017_1278_1423,0.342226361614
2017_1153_1423,0.753199401522
2017_1173_1423,0.607240943916
2017_1116_1423,0.557340202619
2017_1371_1423,0.540745539226
2017_1423_1455,0.176485195194
2017_1243_1423,0.349648716047
2017_1423_1448,0.708191765781
2017_1292_1423,0.57733924985
2017_1423_1457,0.750287296414
2017_1245_1423,0.172803530771
2017_1297_1423,0.103983013706
2017_1411_1423,0.102925864015
2017_1190_1308,0.486219127496
2017_1190_1407,0.865102703747
2017_1190_1291,0.887475111384
2017_1190_1309,0.916134275862
2017_1190_1211,0.0632901730303
2017_1112_1190,0.928185282691
2017_1190_1199,0.19447856163
2017_1190_1452,0.124637852889
2017_1190_1323,0.180344541696
2017_1190_1268,0.215959719487
2017_1190_1388,0.151858746282
2017_1190_1321,0.399368681269
2017_1190_1435,0.452676282342
2017_1190_1433,0.235479795712
2017_1190_1462,0.315341103665
2017_1190_1343,0.346175764533
2017_1137_1190,0.486002443187
2017_1190_1195,0.616757458549
2017_1190_1315,0.800403441383
2017_1190_1355,0.737449888584
2017_1190_1242,0.0548471030323
2017_1190_1257,0.106615522873
2017_1190_1332,0.0692186166117
2017_1190_1345,0.165256262023
2017_1190_1235,0.189089902324
2017_1166_1190,0.65432471231
2017_1190_1276,0.234217869521
2017_1190_1274,0.282784310942
2017_1190_1277,0.345577900609
2017_1190_1329,0.421179992781
2017_1190_1348,0.303847122366
2017_1190_1305,0.374120397077
2017_1190_1436,0.392824550471
2017_1190_1233,0.642856157039
2017_1190_1240,0.922800980323
2017_1190_1300,0.847400976963
2017_1190_1413,0.834392888293
2017_1190_1314,0.0527662429054
2017_1190_1246,0.0578623031083
2017_1190_1417,0.134613177574
2017_1139_1190,0.792453060347
2017_1190_1278,0.490212702228
2017_1153_1190,0.85915531315
2017_1173_1190,0.755519857285
2017_1116_1190,0.715636083946
2017_1190_1371,0.298199377757
2017_1190_1455,0.0968358371154
2017_1190_1243,0.482018012686
2017_1190_1448,0.54836713244
2017_1190_1292,0.268076648481
2017_1190_1457,0.600512856539
2017_1190_1245,0.705441098532
2017_1190_1297,0.81171448616
2017_1190_1411,0.813450262094
2017_1308_1407,0.871977947118
2017_1291_1308,0.106649320122
2017_1308_1309,0.920647189914
2017_1211_1308,0.933043982637
2017_1112_1308,0.924065712273
2017_1199_1308,0.795912559659
2017_1308_1452,0.131358731279
2017_1308_1323,0.189419296161
2017_1268_1308,0.773668265007
2017_1308_1388,0.159779539629
2017_1308_1321,0.413899226755
2017_1308_1435,0.467636289576
2017_1308_1433,0.246494571357
2017_1308_1462,0.328486418848
2017_1308_1343,0.359930722322
2017_1137_1308,0.470974683642
2017_1195_1308,0.369110452145
2017_1308_1315,0.80985139413
2017_1308_1355,0.748943072175
2017_1242_1308,0.94194577692
2017_1257_1308,0.887510536149
2017_1308_1332,0.0732010093484
2017_1308_1345,0.173732713947
2017_1235_1308,0.801501855471
2017_1166_1308,0.640578708741
2017_1276_1308,0.754807451517
2017_1274_1308,0.704842461792
2017_1277_1308,0.640677841812
2017_1308_1329,0.435928150684
2017_1308_1348,0.316734956839
2017_1305_1308,0.61167376485
2017_1308_1436,0.407278447655
2017_1233_1308,0.3434382421
2017_1240_1308,0.0730162569188
2017_1300_1308,0.144972773234
2017_1308_1413,0.842548437071
2017_1308_1314,0.055858878184
2017_1246_1308,0.938765689298
2017_1308_1417,0.141784832446
2017_1139_1308,0.782372938683
2017_1278_1308,0.494731971993
2017_1153_1308,0.851708557577
2017_1173_1308,0.744224930392
2017_1116_1308,0.703222340506
2017_1308_1371,0.310954662296
2017_1308_1455,0.102232627484
2017_1243_1308,0.502932941314
2017_1308_1448,0.563235204654
2017_1292_1308,0.719942371626
2017_1308_1457,0.614869912009
2017_1245_1308,0.282200721995
2017_1297_1308,0.179253065074
2017_1308_1411,0.822417659147
2017_1291_1407,0.447649223057
2017_1309_1407,0.369138771825
2017_1211_1407,0.989539942328
2017_1112_1407,0.988040226705
2017_1199_1407,0.963603264182
2017_1407_1452,0.0217903243047
2017_1323_1407,0.966723067016
2017_1268_1407,0.958687544619
2017_1388_1407,0.972751471008
2017_1321_1407,0.905777012836
2017_1407_1435,0.114569143988
2017_1407_1433,0.0459721969006
2017_1407_1462,0.0672137327332
2017_1343_1407,0.923503147089
2017_1137_1407,0.858030550881
2017_1195_1407,0.798866484899
2017_1315_1407,0.614487483552
2017_1355_1407,0.694719365331
2017_1242_1407,0.991003032522
2017_1257_1407,0.981671879437
2017_1332_1407,0.988499382151
2017_1345_1407,0.969958108268
2017_1235_1407,0.964803143121
2017_1166_1407,0.923659263789
2017_1276_1407,0.954334826238
2017_1274_1407,0.941899529025
2017_1277_1407,0.923689620693
2017_1329_1407,0.897795257387
2017_1348_1407,0.936080516861
2017_1305_1407,0.914480603027
2017_1407_1436,0.0919138609099
2017_1233_1407,0.780271682736
2017_1240_1407,0.348419405988
2017_1300_1407,0.535110221534
2017_1407_1413,0.440792469038
2017_1314_1407,0.9913602722
2017_1246_1407,0.990483046992
2017_1407_1417,0.0237577036946
2017_1139_1407,0.960638440945
2017_1278_1407,0.869232178426
2017_1153_1407,0.974994221854
2017_1173_1407,0.951814162351
2017_1116_1407,0.941472567921
2017_1371_1407,0.93766792458
2017_1407_1455,0.016497361365
2017_1243_1407,0.872916068512
2017_1407_1448,0.159633535718
2017_1292_1407,0.945804373227
2017_1407_1457,0.190397374013
2017_1245_1407,0.727443101117
2017_1297_1407,0.597207605268
2017_1407_1411,0.405537137901
2017_1291_1309,0.580721945801
2017_1211_1291,0.991505888045
2017_1112_1291,0.990285273582
2017_1199_1291,0.97029763173
2017_1291_1452,0.017733040614
2017_1291_1323,0.0271402217776
2017_1268_1291,0.966254386022
2017_1291_1388,0.0221980086488
2017_1291_1321,0.0777509532
2017_1291_1435,0.094912915988
2017_1291_1433,0.0375853322006
2017_1291_1462,0.0551758208771
2017_1291_1343,0.0629084715862
2017_1137_1291,0.881759987654
2017_1195_1291,0.830531727282
2017_1291_1315,0.337067399962
2017_1291_1355,0.262609004815
2017_1242_1291,0.992696023244
2017_1257_1291,0.985094335649
2017_1291_1332,0.00934094717744
2017_1291_1345,0.0244866541482
2017_1235_1291,0.971283396578
2017_1166_1291,0.937221798746
2017_1276_1291,0.962667871441
2017_1274_1291,0.952388574664
2017_1277_1291,0.937247128912
2017_1291_1329,0.0844674644492
2017_1291_1348,0.0524384002478
2017_1291_1305,0.070450576417
2017_1291_1436,0.075811720426
2017_1233_1291,0.814183451825
2017_1240_1291,0.397517745846
2017_1291_1300,0.413176817493
2017_1291_1413,0.389807369742
2017_1291_1314,0.00701348436492
2017_1246_1291,0.992273122284
2017_1291_1417,0.0193413436388
2017_1139_1291,0.967859933186
2017_1278_1291,0.891326457351
2017_1153_1291,0.979637749453
2017_1173_1291,0.960588185978
2017_1116_1291,0.952034768836
2017_1291_1371,0.0511205482199
2017_1291_1455,0.013412096744
2017_1243_1291,0.894463495012
2017_1291_1448,0.133410703327
2017_1291_1292,0.0443783195306
2017_1291_1457,0.160083661385
2017_1245_1291,0.767074256384
2017_1291_1297,0.353424740688
2017_1291_1411,0.356033631227
2017_1211_1309,0.993819698832
2017_1112_1309,0.9929292107
2017_1199_1309,0.978261948024
2017_1309_1452,0.0129353630005
2017_1309_1323,0.0198488590834
2017_1268_1309,0.975275221968
2017_1309_1388,0.0162122710094
2017_1309_1321,0.0576687396798
2017_1309_1435,0.0707379553769
2017_1309_1433,0.0275673516447
2017_1309_1462,0.04066739592
2017_1309_1343,0.0464667521017
2017_1137_1309,0.911294195743
2017_1195_1309,0.870989657495
2017_1309_1315,0.269585312477
2017_1309_1355,0.205414754714
2017_1242_1309,0.994687376225
2017_1257_1309,0.989135526844
2017_1309_1332,0.00679803861231
2017_1309_1345,0.017895073092
2017_1235_1309,0.978989116044
2017_1166_1309,0.953631155577
2017_1276_1309,0.972620283179
2017_1274_1309,0.964981670461
2017_1277_1309,0.953650192223
2017_1309_1329,0.0627685211772
2017_1309_1348,0.0386203547989
2017_1305_1309,0.94785264945
2017_1309_1436,0.0561998666446
2017_1233_1309,0.857876402017
2017_1240_1309,0.476147740724
2017_1300_1309,0.661768459779
2017_1309_1413,0.31681252271
2017_1309_1314,0.00510092413596
2017_1246_1309,0.994379121942
2017_1309_1417,0.0141147919271
2017_1139_1309,0.976462031386
2017_1278_1309,0.918691477504
2017_1153_1309,0.985135996188
2017_1173_1309,0.971078366546
2017_1116_1309,0.964717978563
2017_1309_1371,0.0376359769976
2017_1309_1455,0.00977182153536
2017_1243_1309,0.921108496951
2017_1309_1448,0.100519112941
2017_1292_1309,0.967388909788
2017_1309_1457,0.121538302007
2017_1245_1309,0.819387170115
2017_1297_1309,0.715928871324
2017_1309_1411,0.286394832677
2017_1112_1211,0.464454277443
2017_1199_1211,0.217482617936
2017_1211_1452,0.679688307602
2017_1211_1323,0.766302624533
2017_1211_1268,0.804112173691
2017_1211_1388,0.727399537813
2017_1211_1321,0.908334680802
2017_1211_1435,0.924958107127
2017_1211_1433,0.821118190494
2017_1211_1462,0.87283923763
2017_1211_1343,0.887521750446
2017_1137_1211,0.0596605488158
2017_1195_1211,0.0400261566274
2017_1211_1315,0.983542553732
2017_1211_1355,0.976668006683
2017_1211_1242,0.463755621411
2017_1211_1257,0.64009515651
2017_1211_1332,0.525680011963
2017_1211_1345,0.746860496921
2017_1211_1235,0.776542558296
2017_1166_1211,0.112699250451
2017_1211_1276,0.820084359211
2017_1211_1274,0.854566194482
2017_1211_1277,0.887257683715
2017_1211_1329,0.915570755495
2017_1211_1348,0.866749649771
2017_1211_1305,0.899074631304
2017_1211_1436,0.906031152458
2017_1211_1233,0.964061552498
2017_1211_1240,0.994417896826
2017_1211_1300,0.988060897124
2017_1211_1413,0.986857200202
2017_1211_1314,0.453606540685
2017_1211_1246,0.477884377754
2017_1211_1417,0.698632373693
2017_1139_1211,0.203949640861
2017_1211_1278,0.93477182147
2017_1153_1211,0.290434826685
2017_1173_1211,0.171747438945
2017_1116_1211,0.144470143367
2017_1211_1371,0.863618858096
2017_1211_1455,0.615070785096
2017_1211_1243,0.932742843163
2017_1211_1448,0.947630509629
2017_1211_1292,0.845163742723
2017_1211_1457,0.957269317851
2017_1211_1245,0.972745646852
2017_1211_1297,0.984673914865
2017_1211_1411,0.984844973443
2017_1112_1199,0.758074404776
2017_1112_1452,0.648874103665
2017_1112_1323,0.740641276577
2017_1112_1268,0.781418294418
2017_1112_1388,0.699143539549
2017_1112_1321,0.896155830058
2017_1112_1435,0.914780668849
2017_1112_1433,0.799904223551
2017_1112_1462,0.856688448297
2017_1112_1343,0.872964384713
2017_1112_1137,0.932094936209
2017_1112_1195,0.954310779779
2017_1112_1315,0.981148604397
2017_1112_1355,0.973301210506
2017_1112_1242,0.429601271089
2017_1112_1257,0.607670629052
2017_1112_1332,0.491142082945
2017_1112_1345,0.719844779736
2017_1112_1235,0.751641195514
2017_1112_1166,0.872718883011
2017_1112_1276,0.798777833289
2017_1112_1274,0.836529199208
2017_1112_1277,0.872671044615
2017_1112_1329,0.904251963421
2017_1112_1348,0.849958372469
2017_1112_1305,0.8858201235
2017_1112_1436,0.893582106145
2017_1112_1233,0.958952104924
2017_1112_1240,0.993595606387
2017_1112_1300,0.98631505457
2017_1112_1413,0.984938025477
2017_1112_1314,0.419614756342
2017_1112_1246,0.443550160772
2017_1112_1417,0.668752435646
2017_1112_1139,0.772686530877
2017_1112_1278,0.925818609313
2017_1112_1153,0.680273126099
2017_1112_1173,0.807686514253
2017_1112_1116,0.837589662798
2017_1112_1371,0.846502927943
2017_1112_1455,0.581864488319
2017_1112_1243,0.923533915285
2017_1112_1448,0.940329613336
2017_1112_1292,0.826197800727
2017_1112_1457,0.951243041586
2017_1112_1245,0.968830918892
2017_1112_1297,0.982441598745
2017_1112_1411,0.982637133469
2017_1199_1452,0.370852462227
2017_1199_1323,0.47667916055
2017_1199_1268,0.532776767409
2017_1199_1388,0.425696204492
2017_1199_1321,0.73352232225
2017_1199_1435,0.773958680456
2017_1199_1433,0.560462798638
2017_1199_1462,0.655972668022
2017_1199_1343,0.686707659678
2017_1137_1199,0.185931118654
2017_1195_1199,0.130508336604
2017_1199_1315,0.943186047957
2017_1199_1355,0.920811190855
2017_1199_1242,0.193701845601
2017_1199_1257,0.330677136739
2017_1199_1332,0.235395661496
2017_1199_1345,0.450422552469
2017_1199_1235,0.491183221039
2017_1166_1199,0.313768415041
2017_1199_1276,0.558732088994
2017_1199_1274,0.620099761978
2017_1199_1277,0.686138862849
2017_1199_1329,0.750771755669
2017_1199_1348,0.643736589783
2017_1199_1305,0.712198054477
2017_1199_1436,0.728140597821
2017_1199_1233,0.881681028379
2017_1199_1240,0.980192545623
2017_1199_1300,0.958314558143
2017_1199_1413,0.954250704674
2017_1199_1314,0.187397442535
2017_1199_1246,0.20271332974
2017_1199_1417,0.391715368852
2017_1139_1199,0.479788993175
2017_1199_1278,0.799233347919
2017_1153_1199,0.595711581105
2017_1173_1199,0.427418398418
2017_1116_1199,0.378070305304
2017_1199_1371,0.637557080513
2017_1199_1455,0.307416917167
2017_1199_1243,0.793917808446
2017_1199_1448,0.834068329572
2017_1199_1292,0.602588192518
2017_1199_1457,0.861555066017
2017_1199_1245,0.908379578274
2017_1199_1297,0.946942040959
2017_1199_1411,0.947511786471
2017_1323_1452,0.39337721751
2017_1268_1452,0.341237444467
2017_1388_1452,0.44347844851
2017_1321_1452,0.176672430052
2017_1435_1452,0.147130082478
2017_1433_1452,0.316580837277
2017_1452_1462,0.763485978514
2017_1343_1452,0.212275881122
2017_1137_1452,0.118871755186
2017_1195_1452,0.081438487716
2017_1315_1452,0.0343575819623
2017_1355_1452,0.0483418025326
2017_1242_1452,0.710876389159
2017_1257_1452,0.544540325713
2017_1332_1452,0.657371261933
2017_1345_1452,0.418842781871
2017_1235_1452,0.379606567324
2017_1166_1452,0.212645986451
2017_1276_1452,0.318102186378
2017_1274_1452,0.265717340507
2017_1277_1452,0.212718088819
2017_1329_1452,0.163936992686
2017_1348_1452,0.246362306464
2017_1305_1452,0.192698138807
2017_1436_1452,0.180687229739
2017_1233_1452,0.0734450756863
2017_1240_1452,0.0117954024379
2017_1300_1452,0.0250499753009
2017_1413_1452,0.0275386652067
2017_1314_1452,0.719204916868
2017_1246_1452,0.699082419654
2017_1417_1452,0.478417965759
2017_1139_1452,0.352657691212
2017_1278_1452,0.12920583175
2017_1153_1452,0.465340386534
2017_1173_1452,0.306001218285
2017_1116_1452,0.264203074655
2017_1371_1452,0.251379945467
2017_1452_1455,0.429048550964
2017_1243_1452,0.132941863524
2017_1448_1452,0.105153736021
2017_1292_1452,0.280345141613
2017_1452_1457,0.913311483637
2017_1245_1452,0.0562265338071
2017_1297_1452,0.0320357634002
2017_1411_1452,0.031684204704
2017_1268_1323,0.4445072452
2017_1323_1388,0.448226561069
2017_1321_1323,0.248960984538
2017_1323_1435,0.789579818248
2017_1323_1433,0.582886560403
2017_1323_1462,0.676337711483
2017_1323_1343,0.706068555035
2017_1137_1323,0.172464218078
2017_1195_1323,0.120461674102
2017_1315_1323,0.0521004237352
2017_1323_1355,0.927237827454
2017_1242_1323,0.791590552785
2017_1257_1323,0.648745669973
2017_1323_1332,0.252278513419
2017_1323_1345,0.473183331941
2017_1235_1323,0.485922950182
2017_1166_1323,0.294390711688
2017_1276_1323,0.418821835155
2017_1274_1323,0.358572442398
2017_1277_1323,0.294480164788
2017_1323_1329,0.767513947932
2017_1323_1348,0.664455450911
2017_1305_1323,0.269398328934
2017_1323_1436,0.745888501369
2017_1233_1323,0.109092926299
2017_1240_1323,0.0181052080294
2017_1300_1323,0.0381762371592
2017_1323_1413,0.958087054224
2017_1314_1323,0.798253869591
2017_1246_1323,0.782079764558
2017_1323_1417,0.413742919506
2017_1139_1323,0.456986096446
2017_1278_1323,0.18647135395
2017_1153_1323,0.573472768396
2017_1173_1323,0.405165948901
2017_1116_1323,0.356786133461
2017_1323_1371,0.658444638864
2017_1323_1455,0.327254380544
2017_1243_1323,0.191499094539
2017_1323_1448,0.846360066003
2017_1292_1323,0.375696534037
2017_1323_1457,0.87212284007
2017_1245_1323,0.0842772262077
2017_1297_1323,0.0486399741155
2017_1323_1411,0.951884740851
2017_1268_1388,0.3932213257
2017_1268_1321,0.706450867933
2017_1268_1435,0.749592804323
2017_1268_1433,0.527143685262
2017_1268_1462,0.625050031332
2017_1268_1343,0.657103525528
2017_1137_1268,0.207130471288
2017_1195_1268,0.146525933973
2017_1268_1315,0.935542634134
2017_1268_1355,0.910443415921
2017_1242_1268,0.826423999766
2017_1257_1268,0.69835631596
2017_1268_1332,0.212077217658
2017_1268_1345,0.417432433502
2017_1235_1268,0.542306027802
2017_1166_1268,0.343395039509
2017_1268_1276,0.525392878016
2017_1268_1274,0.587977994954
2017_1268_1277,0.656507865681
2017_1268_1329,0.724795212116
2017_1268_1348,0.612364048763
2017_1268_1305,0.68389383373
2017_1268_1436,0.70074546304
2017_1233_1268,0.13306949601
2017_1240_1268,0.0225914822114
2017_1268_1300,0.952604169373
2017_1268_1413,0.948013817814
2017_1268_1314,0.167790319456
2017_1246_1268,0.818137633844
2017_1268_1417,0.360206875877
2017_1139_1268,0.51336452027
2017_1268_1278,0.776806250095
2017_1153_1268,0.627612279032
2017_1173_1268,0.460573781716
2017_1116_1268,0.410139683324
2017_1268_1371,0.60597345308
2017_1268_1455,0.279572675694
2017_1243_1268,0.228932989799
2017_1268_1448,0.814630020418
2017_1268_1292,0.570012480268
2017_1268_1457,0.844737329497
2017_1245_1268,0.103432976542
2017_1268_1297,0.939771669119
2017_1268_1411,0.940413566295
2017_1321_1388,0.21228053342
2017_1388_1435,0.821928239558
2017_1388_1433,0.632209259297
2017_1388_1462,0.71991979761
2017_1343_1388,0.252856011674
2017_1137_1388,0.14488018459
2017_1195_1388,0.100187999452
2017_1315_1388,0.0427724298765
2017_1355_1388,0.0599689589794
2017_1242_1388,0.755371268596
2017_1257_1388,0.600238335006
2017_1332_1388,0.706703038839
2017_1345_1388,0.475095067175
2017_1235_1388,0.434529319354
2017_1166_1388,0.253274120299
2017_1276_1388,0.369425155906
2017_1274_1388,0.312461303024
2017_1277_1388,0.253355565727
2017_1329_1388,0.197594306111
2017_1348_1388,0.291051007599
2017_1305_1388,0.230631423095
2017_1388_1436,0.783108652954
2017_1233_1388,0.0905356572149
2017_1240_1388,0.0147688438195
2017_1300_1388,0.0312590010876
2017_1388_1413,0.965657177568
2017_1314_1388,0.762845665816
2017_1246_1388,0.744740600612
2017_1388_1417,0.46469842296
2017_1139_1388,0.406234495363
2017_1278_1388,0.157072237433
2017_1153_1388,0.52222591733
2017_1173_1388,0.356392212505
2017_1116_1388,0.310793403333
2017_1371_1388,0.296620587693
2017_1388_1455,0.374359924959
2017_1243_1388,0.161464628946
2017_1388_1448,0.8714012042
2017_1292_1388,0.328511115241
2017_1388_1457,0.893493411454
2017_1245_1388,0.0696114042259
2017_1297_1388,0.0399054522595
2017_1388_1411,0.960528946369
2017_1321_1435,0.554295286823
2017_1321_1433,0.316539837736
2017_1321_1462,0.409178666677
2017_1321_1343,0.443248644008
2017_1137_1321,0.386058927336
2017_1195_1321,0.292409180704
2017_1315_1321,0.142250580615
2017_1321_1355,0.808556873185
2017_1242_1321,0.919745433909
2017_1257_1321,0.847856061292
2017_1321_1332,0.100575130688
2017_1321_1345,0.229396268795
2017_1235_1321,0.740396531126
2017_1166_1321,0.557297149345
2017_1276_1321,0.684977491242
2017_1274_1321,0.627799483964
2017_1277_1321,0.557403381741
2017_1321_1329,0.522478035536
2017_1321_1348,0.396243863612
2017_1305_1321,0.526643810911
2017_1321_1436,0.493112773875
2017_1233_1321,0.269790363286
2017_1240_1321,0.0527034685845
2017_1300_1321,0.106951603672
2017_1321_1413,0.883396028027
2017_1314_1321,0.922711410166
2017_1246_1321,0.915458404843
2017_1321_1417,0.189560690835
2017_1139_1321,0.717454853372
2017_1278_1321,0.408843129666
2017_1153_1321,0.802245430577
2017_1173_1321,0.67268802712
2017_1116_1321,0.625980876262
2017_1321_1371,0.389840441343
2017_1321_1455,0.138837011733
2017_1243_1321,0.416794799136
2017_1321_1448,0.6461090477
2017_1292_1321,0.644854875702
2017_1321_1457,0.693281671252
2017_1245_1321,0.217337799845
2017_1297_1321,0.133646678348
2017_1321_1411,0.867667508921
2017_1433_1435,0.728723573014
2017_1435_1462,0.357599420665
2017_1343_1435,0.609788847528
2017_1137_1435,0.438938293666
2017_1195_1435,0.339555657364
2017_1315_1435,0.17103850929
2017_1355_1435,0.22754541659
2017_1242_1435,0.934461345663
2017_1257_1435,0.873947379541
2017_1332_1435,0.917532777159
2017_1345_1435,0.806926277913
2017_1235_1435,0.780137430309
2017_1166_1435,0.610315043789
2017_1276_1435,0.730109611209
2017_1274_1435,0.677263665851
2017_1277_1435,0.610417447486
2017_1329_1435,0.532071928281
2017_1348_1435,0.654657927379
2017_1305_1435,0.580569863499
2017_1435_1436,0.438811350468
2017_1233_1435,0.314912971187
2017_1240_1435,0.0647370511639
2017_1300_1435,0.129675893936
2017_1413_1435,0.141055196595
2017_1314_1435,0.93692076403
2017_1246_1435,0.930901351863
2017_1417_1435,0.841749613649
2017_1139_1435,0.759567271292
2017_1278_1435,0.462492344752
2017_1153_1435,0.834632984867
2017_1173_1435,0.718858166454
2017_1116_1435,0.675561844516
2017_1371_1435,0.660701039534
2017_1435_1455,0.114718943973
2017_1243_1435,0.470656705601
2017_1435_1448,0.594727248153
2017_1292_1435,0.693160266417
2017_1435_1457,0.644985604282
2017_1245_1435,0.256772543821
2017_1297_1435,0.161020261917
2017_1411_1435,0.159486453922
2017_1433_1462,0.599515600613
2017_1343_1433,0.367531569506
2017_1137_1433,0.225356753958
2017_1195_1433,0.160498885255
2017_1315_1433,0.0712575429525
2017_1355_1433,0.0987252697494
2017_1242_1433,0.84132024494
2017_1257_1433,0.720526536429
2017_1332_1433,0.805344932102
2017_1345_1433,0.608476889993
2017_1235_1433,0.568864931884
2017_1166_1433,0.368045891186
2017_1276_1433,0.50148323088
2017_1274_1433,0.43831069447
2017_1277_1433,0.368146048055
2017_1329_1433,0.297176045187
2017_1348_1433,0.413462831923
2017_1305_1433,0.339811880343
2017_1433_1436,0.677707944921
2017_1233_1433,0.145978703524
2017_1240_1433,0.0250933257069
2017_1300_1433,0.0524970392363
2017_1413_1433,0.0575516012929
2017_1314_1433,0.846701503759
2017_1246_1433,0.833601827904
2017_1417_1433,0.664197927341
2017_1139_1433,0.540178862689
2017_1278_1433,0.242401370933
2017_1153_1433,0.652393978838
2017_1173_1433,0.487392413105
2017_1116_1433,0.436397411042
2017_1371_1433,0.419987189495
2017_1433_1455,0.258424350531
2017_1243_1433,0.24847653268
2017_1433_1448,0.797830290787
2017_1292_1433,0.456532464504
2017_1433_1457,0.830097085654
2017_1245_1433,0.113844666993
2017_1297_1433,0.0666141178273
2017_1411_1433,0.0659089357761
2017_1343_1462,0.464929693355
2017_1137_1462,0.303135995201
2017_1195_1462,0.222317522272
2017_1315_1462,0.102917359025
2017_1355_1462,0.140739671275
2017_1242_1462,0.887992101721
2017_1257_1462,0.794028906885
2017_1332_1462,0.860847952947
2017_1345_1462,0.6991436926
2017_1235_1462,0.663633954721
2017_1166_1462,0.465480001426
2017_1276_1462,0.600666286397
2017_1274_1462,0.538495734862
2017_1277_1462,0.465587138552
2017_1329_1462,0.387348228229
2017_1348_1462,0.513157141479
2017_1305_1462,0.434915499646
2017_1436_1462,0.415578932127
2017_1233_1462,0.203560768863
2017_1240_1462,0.0370607912462
2017_1300_1462,0.0765081886724
2017_1413_1462,0.0836704596678
2017_1314_1462,0.891993783076
2017_1246_1462,0.882226075689
2017_1417_1462,0.747319584029
2017_1139_1462,0.637232364831
2017_1278_1462,0.323605853533
2017_1153_1462,0.73728177175
2017_1173_1462,0.587070513332
2017_1116_1462,0.536562888475
2017_1371_1462,0.519860333461
2017_1455_1462,0.810994216638
2017_1243_1462,0.330827474614
2017_1448_1462,0.274784981027
2017_1292_1462,0.556754099789
2017_1457_1462,0.234332608709
2017_1245_1462,0.161142987698
2017_1297_1462,0.0964250498778
2017_1411_1462,0.0954365544679
2017_1137_1343,0.334221249078
2017_1195_1343,0.248065360136
2017_1315_1343,0.116915738354
2017_1343_1355,0.841029157713
2017_1242_1343,0.901468427379
2017_1257_1343,0.816473976096
2017_1332_1343,0.877138287232
2017_1343_1345,0.271608289227
2017_1235_1343,0.694827254779
2017_1166_1343,0.501238627065
2017_1276_1343,0.634482744704
2017_1274_1343,0.573841726623
2017_1277_1343,0.50134627499
2017_1329_1343,0.42184158083
2017_1343_1348,0.451182203352
2017_1305_1343,0.470392431074
2017_1343_1436,0.549263315971
2017_1233_1343,0.227772526119
2017_1240_1343,0.0425262740529
2017_1300_1343,0.0872639242377
2017_1343_1413,0.90467085094
2017_1314_1343,0.905040129889
2017_1246_1343,0.896315141825
2017_1343_1417,0.226597913896
2017_1139_1343,0.669655287815
2017_1278_1343,0.355718705071
2017_1153_1343,0.764073304555
2017_1173_1343,0.621312446751
2017_1116_1343,0.571939239146
2017_1343_1371,0.444544661398
2017_1343_1455,0.168018258827
2017_1243_1343,0.363272076234
2017_1343_1448,0.695767799247
2017_1292_1343,0.59176183436
2017_1343_1457,0.738995044252
2017_1245_1343,0.181459016522
2017_1297_1343,0.109648306945
2017_1343_1411,0.891459462242
2017_1137_1195,0.603342995843
2017_1137_1315,0.791241293677
2017_1137_1355,0.72638581998
2017_1137_1242,0.0519960349244
2017_1137_1257,0.101362020225
2017_1137_1332,0.0656723952597
2017_1137_1345,0.157623035475
2017_1137_1235,0.180593966173
2017_1137_1166,0.333033274308
2017_1137_1276,0.224255039192
2017_1137_1274,0.271488023059
2017_1137_1277,0.332937636608
2017_1137_1329,0.407496324859
2017_1137_1348,0.292052061291
2017_1137_1305,0.361012054073
2017_1137_1436,0.379458182267
2017_1137_1233,0.629806897306
2017_1137_1240,0.918686505416
2017_1137_1300,0.839964826833
2017_1137_1413,0.826452673202
2017_1137_1314,0.0500176180576
2017_1137_1246,0.0548635966724
2017_1137_1417,0.12817802076
2017_1137_1139,0.198424637802
2017_1137_1278,0.476131138329
2017_1137_1153,0.134157815707
2017_1137_1173,0.234214300447
2017_1116_1137,0.726971450984
2017_1137_1371,0.286533318603
2017_1137_1455,0.0920145974319
2017_1137_1243,0.467955764627
2017_1137_1448,0.534366110283
2017_1137_1292,0.257157226927
2017_1137_1457,0.586910627718
2017_1137_1245,0.693588613868
2017_1137_1297,0.802943724459
2017_1137_1411,0.804740906621
2017_1195_1315,0.713711978343
2017_1195_1355,0.635855254779
2017_1195_1242,0.0348196193506
2017_1195_1257,0.0690660794688
2017_1195_1332,0.0441887070504
2017_1195_1345,0.109587251493
2017_1195_1235,0.126609935179
2017_1166_1195,0.752769976806
2017_1195_1276,0.159764330113
2017_1195_1274,0.196861170505
2017_1195_1277,0.247149895106
2017_1195_1329,0.311467409171
2017_1195_1348,0.213428580917
2017_1195_1305,0.270928466971
2017_1195_1436,0.286837923572
2017_1195_1233,0.528081844156
2017_1195_1240,0.881393215662
2017_1195_1300,0.775394013888
2017_1195_1413,0.758000710161
2017_1195_1314,0.0334716791331
2017_1195_1246,0.036776656541
2017_1195_1417,0.0881763394553
2017_1139_1195,0.859978620614
2017_1195_1278,0.374141355571
2017_1153_1195,0.907512060571
2017_1173_1195,0.832522138057
2017_1116_1195,0.80190661915
2017_1195_1371,0.208957023323
2017_1195_1455,0.0624898258177
2017_1195_1243,0.366492066734
2017_1195_1448,0.430144588284
2017_1195_1292,0.185466766558
2017_1195_1457,0.483072922289
2017_1195_1245,0.598208877179
2017_1195_1297,0.728267934606
2017_1195_1411,0.730517596867
2017_1315_1355,0.411866720506
2017_1242_1315,0.985738215912
2017_1257_1315,0.971105893552
2017_1315_1332,0.0182036007419
2017_1315_1345,0.0470371877488
2017_1235_1315,0.94505677249
2017_1166_1315,0.883614593066
2017_1276_1315,0.929146753902
2017_1274_1315,0.910495668467
2017_1277_1315,0.883658868031
2017_1315_1329,0.153560871885
2017_1315_1348,0.0981408592428
2017_1305_1315,0.870297339705
2017_1315_1436,0.138899009176
2017_1233_1315,0.690237012757
2017_1240_1315,0.251238678636
2017_1300_1315,0.41937239119
2017_1315_1413,0.556773166175
2017_1314_1315,0.986301614338
2017_1246_1315,0.984918577605
2017_1315_1417,0.0373347487899
2017_1139_1315,0.938704005235
2017_1278_1315,0.806615108075
2017_1153_1315,0.960732616576
2017_1173_1315,0.925344502197
2017_1116_1315,0.909860016167
2017_1315_1371,0.0957905496623
2017_1315_1455,0.0260359238586
2017_1243_1315,0.811680827323
2017_1315_1448,0.232377556216
2017_1292_1315,0.916323616538
2017_1315_1457,0.272612596007
2017_1245_1315,0.626133697248
2017_1297_1315,0.481963030082
2017_1315_1411,0.52088207881
2017_1242_1355,0.979670634502
2017_1257_1355,0.959071562708
2017_1332_1355,0.974095868369
2017_1345_1355,0.933886384313
2017_1235_1355,0.923032933241
2017_1166_1355,0.841102814026
2017_1276_1355,0.90141073391
2017_1274_1355,0.87642954416
2017_1277_1355,0.841160354052
2017_1329_1355,0.793521435806
2017_1348_1355,0.864993290138
2017_1305_1355,0.82389069732
2017_1355_1436,0.18788568587
2017_1233_1355,0.608394913142
2017_1240_1355,0.189590351293
2017_1300_1355,0.334921789205
2017_1355_1413,0.643074504667
2017_1314_1355,0.980468977847
2017_1246_1355,0.978509888748
2017_1355_1417,0.0526938309447
2017_1139_1355,0.914364425076
2017_1278_1355,0.744122500928
2017_1153_1355,0.944624205738
2017_1173_1355,0.896286204289
2017_1116_1355,0.875585016342
2017_1355_1371,0.131902650939
2017_1355_1455,0.0369250925256
2017_1243_1355,0.75031849561
2017_1355_1448,0.302741424779
2017_1292_1355,0.884193529765
2017_1355_1457,0.349610848922
2017_1245_1355,0.538674687465
2017_1297_1355,0.393449207997
2017_1355_1411,0.609267496719
2017_1242_1257,0.673464233573
2017_1242_1332,0.562405081782
2017_1242_1345,0.773828359893
2017_1235_1242,0.19880997296
2017_1166_1242,0.0987154596965
2017_1242_1276,0.840913050345
2017_1242_1274,0.872025892018
2017_1242_1277,0.901246223375
2017_1242_1329,0.926337994364
2017_1242_1348,0.882947037579
2017_1242_1305,0.911742824153
2017_1242_1436,0.917905890144
2017_1233_1242,0.0311448659017
2017_1240_1242,0.00481731240231
2017_1242_1300,0.989687613343
2017_1242_1413,0.988646036874
2017_1242_1314,0.490503407462
2017_1242_1246,0.514895086605
2017_1242_1417,0.728872974297
2017_1139_1242,0.180952491495
2017_1242_1278,0.943242153208
2017_1153_1242,0.260881616386
2017_1173_1242,0.151689463353
2017_1116_1242,0.127108928073
2017_1242_1371,0.880144187112
2017_1242_1455,0.649489527187
2017_1242_1243,0.941460151644
2017_1242_1448,0.954512306465
2017_1242_1292,0.863572022068
2017_1242_1457,0.962934036326
2017_1242_1245,0.976409261076
2017_1242_1297,0.986755925503
2017_1242_1411,0.986904055257
2017_1257_1332,0.383715046427
2017_1257_1345,0.623708250579
2017_1235_1257,0.338718391117
2017_1166_1257,0.184396278219
2017_1257_1276,0.719160128656
2017_1257_1274,0.767500879455
2017_1257_1277,0.815538954014
2017_1257_1329,0.859000609354
2017_1257_1348,0.785144276782
2017_1257_1305,0.833462053327
2017_1257_1436,0.844157160712
2017_1233_1257,0.0622264870778
2017_1240_1257,0.00989313132084
2017_1257_1300,0.978944344945
2017_1257_1413,0.976843061231
2017_1257_1314,0.318054083739
2017_1246_1257,0.660414069059
2017_1257_1417,0.565662089607
2017_1139_1257,0.313206789821
2017_1257_1278,0.889514464114
2017_1153_1257,0.421491554768
2017_1173_1257,0.269595979113
2017_1116_1257,0.231114575129
2017_1257_1371,0.780581503634
2017_1257_1455,0.473040709816
2017_1243_1257,0.113750973751
2017_1257_1448,0.910440125569
2017_1257_1292,0.754089328704
2017_1257_1457,0.926392276653
2017_1245_1257,0.0475032015626
2017_1257_1297,0.97304166834
2017_1257_1411,0.973339042281
2017_1332_1345,0.727192818135
2017_1235_1332,0.24156487373
2017_1166_1332,0.123256173276
2017_1276_1332,0.19538249525
2017_1274_1332,0.158509305028
2017_1277_1332,0.123302712636
2017_1329_1332,0.0926144271623
2017_1332_1348,0.854583132465
2017_1305_1332,0.110516762337
2017_1332_1436,0.897025148738
2017_1233_1332,0.0396260431103
2017_1240_1332,0.00617482573143
2017_1300_1332,0.0131978699521
2017_1332_1413,0.985473390418
2017_1314_1332,0.57141347659
2017_1246_1332,0.547365426404
2017_1332_1417,0.676838946074
2017_1139_1332,0.220926026932
2017_1278_1332,0.0716976426264
2017_1153_1332,0.311790485187
2017_1173_1332,0.186671933484
2017_1116_1332,0.157474968559
2017_1332_1371,0.851215551634
2017_1332_1455,0.59077415918
2017_1243_1332,0.0739119473422
2017_1332_1448,0.942357752618
2017_1292_1332,0.168590330702
2017_1332_1457,0.952918816268
2017_1245_1332,0.0300786866921
2017_1297_1332,0.0169358287244
2017_1332_1411,0.983252891062
2017_1235_1345,0.458898971452
2017_1166_1345,0.272374868988
2017_1276_1345,0.39267909756
2017_1274_1345,0.334028984075
2017_1277_1345,0.272460215514
2017_1329_1345,0.213697643331
2017_1345_1348,0.688188929098
2017_1305_1345,0.248593045956
2017_1345_1436,0.765891499127
2017_1233_1345,0.0989904108306
2017_1240_1345,0.0162746609746
2017_1300_1345,0.0343874558474
2017_1345_1413,0.962232121232
2017_1314_1345,0.780222542255
2017_1246_1345,0.763031987714
2017_1345_1417,0.440271381809
2017_1139_1345,0.430224612492
2017_1278_1345,0.170575177595
2017_1153_1345,0.546758323327
2017_1173_1345,0.379319271649
2017_1116_1345,0.332301600639
2017_1345_1371,0.682400052702
2017_1345_1455,0.351562835547
2017_1243_1345,0.175266654828
2017_1345_1448,0.859939304971
2017_1292_1345,0.350621675208
2017_1345_1457,0.883737860094
2017_1245_1345,0.0762760105614
2017_1297_1345,0.0438600796741
2017_1345_1411,0.956615422543
2017_1166_1235,0.305608605259
2017_1235_1276,0.568120877948
2017_1235_1274,0.629049720446
2017_1235_1277,0.694300009763
2017_1235_1329,0.757845418715
2017_1235_1348,0.652441804378
2017_1235_1305,0.719958157065
2017_1235_1436,0.735630402773
2017_1233_1235,0.114394681719
2017_1235_1240,0.980920206165
2017_1235_1300,0.959812991782
2017_1235_1413,0.95588849433
2017_1235_1314,0.193279516705
2017_1235_1246,0.208952525445
2017_1235_1417,0.400847077486
2017_1139_1235,0.470270439354
2017_1235_1278,0.805288282249
2017_1153_1235,0.586486021503
2017_1173_1235,0.418103776491
2017_1116_1235,0.369137794325
2017_1235_1371,0.646330333221
2017_1235_1455,0.315603064783
2017_1235_1243,0.800092956749
2017_1235_1448,0.839283934365
2017_1235_1292,0.611692361376
2017_1235_1457,0.866045457831
2017_1235_1245,0.911507233598
2017_1235_1297,0.948827444241
2017_1235_1411,0.949378026274
2017_1166_1276,0.366071864834
2017_1166_1274,0.426743009207
2017_1166_1277,0.499251390586
2017_1166_1329,0.57874137424
2017_1166_1348,0.451774243037
2017_1166_1305,0.530203099076
2017_1166_1436,0.549855112399
2017_1166_1233,0.772647700948
2017_1166_1240,0.957570962481
2017_1166_1300,0.912926302529
2017_1166_1413,0.904876826812
2017_1166_1314,0.0951655295619
2017_1166_1246,0.103907244321
2017_1166_1417,0.227017156283
2017_1139_1166,0.669126215755
2017_1166_1278,0.644829007155
2017_1153_1166,0.763642077145
2017_1166_1173,0.379250201587
2017_1116_1166,0.571353842817
2017_1166_1371,0.445135055634
2017_1166_1455,0.168352711813
2017_1166_1243,0.637280718582
2017_1166_1448,0.696273607928
2017_1166_1292,0.408815830331
2017_1166_1457,0.739455897016
2017_1166_1245,0.818895803701
2017_1166_1297,0.890584866134
2017_1166_1411,0.891690566159
2017_1274_1276,0.436855066841
2017_1276_1277,0.633228717959
2017_1276_1329,0.704057826991
2017_1276_1348,0.587970808645
2017_1276_1305,0.661513759298
2017_1276_1436,0.678998469967
2017_1233_1276,0.145242868802
2017_1240_1276,0.024949036588
2017_1276_1300,0.947796386296
2017_1276_1413,0.942768369588
2017_1276_1314,0.15406778647
2017_1246_1276,0.832779783111
2017_1276_1417,0.337122557351
2017_1139_1276,0.538709394333
2017_1276_1278,0.758683164038
2017_1153_1276,0.651051463155
2017_1173_1276,0.485914795995
2017_1116_1276,0.434943217204
2017_1276_1371,0.581452930398
2017_1276_1455,0.259559466873
2017_1243_1276,0.247373691904
2017_1276_1448,0.798782632358
2017_1276_1292,0.544934650411
2017_1276_1457,0.830929641016
2017_1245_1276,0.113249330838
2017_1276_1297,0.933752696417
2017_1276_1411,0.934454268032
2017_1274_1277,0.57279099677
2017_1274_1329,0.648818701759
2017_1274_1348,0.525661782466
2017_1274_1305,0.602813432984
2017_1274_1436,0.621595841733
2017_1233_1274,0.17952567686
2017_1240_1274,0.0318975464014
2017_1274_1300,0.933772823236
2017_1274_1413,0.927497442158
2017_1274_1314,0.123912287871
2017_1246_1274,0.865099065317
2017_1274_1417,0.283129811472
2017_1139_1274,0.600606718965
2017_1274_1278,0.709432162078
2017_1153_1274,0.706098473339
2017_1173_1274,0.548965056799
2017_1116_1274,0.49778375506
2017_1274_1371,0.518964639366
2017_1274_1455,0.213979074096
2017_1243_1274,0.297376323922
2017_1274_1448,0.755073587472
2017_1274_1292,0.481852760806
2017_1274_1457,0.792388699268
2017_1245_1274,0.141228189796
2017_1274_1297,0.916289746542
2017_1274_1411,0.917159847089
2017_1277_1329,0.579085835106
2017_1277_1348,0.452124240881
2017_1277_1305,0.530555055377
2017_1277_1436,0.550204835939
2017_1233_1277,0.227104175236
2017_1240_1277,0.0423716644204
2017_1277_1300,0.913038562324
2017_1277_1413,0.904998384456
2017_1277_1314,0.0952872748562
2017_1246_1277,0.895961112972
2017_1277_1417,0.227265212981
2017_1139_1277,0.668813298815
2017_1277_1278,0.64515256211
2017_1153_1277,0.763386938229
2017_1173_1277,0.620417084176
2017_1116_1277,0.571007741902
2017_1277_1371,0.445484089547
2017_1277_1455,0.168550644598
2017_1243_1277,0.362392714601
2017_1277_1448,0.696572350354
2017_1277_1292,0.40915738587
2017_1277_1457,0.739728042712
2017_1245_1277,0.180894728931
2017_1277_1297,0.890722481824
2017_1277_1411,0.891826960083
2017_1329_1348,0.374704798311
2017_1305_1329,0.549245113456
2017_1329_1436,0.470410747545
2017_1233_1329,0.288077068154
2017_1240_1329,0.0574331013718
2017_1300_1329,0.115953591178
2017_1329_1413,0.873696513725
2017_1314_1329,0.928952900262
2017_1246_1329,0.922236253005
2017_1329_1417,0.175981800091
2017_1139_1329,0.735520855219
2017_1278_1329,0.430991977247
2017_1153_1329,0.816278217868
2017_1173_1329,0.692389167415
2017_1116_1329,0.64701815106
2017_1329_1371,0.368437042365
2017_1329_1455,0.128316342454
2017_1243_1329,0.439054484042
2017_1329_1448,0.62504898995
2017_1292_1329,0.665398002989
2017_1329_1457,0.673610746509
2017_1245_1329,0.233204652045
2017_1297_1329,0.144531918625
2017_1329_1411,0.856871622944
2017_1305_1348,0.421442609574
2017_1348_1436,0.597721377354
2017_1233_1348,0.194784383041
2017_1240_1348,0.0351461577474
2017_1300_1348,0.0727095047057
2017_1348_1413,0.920453204645
2017_1314_1348,0.886576594611
2017_1246_1348,0.876386867816
2017_1348_1417,0.263212701929
2017_1139_1348,0.6244175434
2017_1278_1348,0.311679253261
2017_1153_1348,0.726484219353
2017_1173_1348,0.573669230245
2017_1116_1348,0.522854678882
2017_1348_1371,0.493887170748
2017_1348_1455,0.197585692442
2017_1243_1348,0.31876014847
2017_1348_1448,0.736044470998
2017_1292_1348,0.543134600957
2017_1348_1457,0.775396339898
2017_1245_1348,0.153842157789
2017_1297_1348,0.0917357117813
2017_1348_1411,0.909209541451
2017_1305_1436,0.520468673796
2017_1233_1305,0.248774769624
2017_1240_1305,0.0474981165507
2017_1300_1305,0.0969366118102
2017_1305_1413,0.894207799619
2017_1305_1314,0.0854657616406
2017_1246_1305,0.906591544422
2017_1305_1417,0.206952127404
2017_1139_1305,0.694745672373
2017_1278_1305,0.382672297351
2017_1153_1305,0.784302317442
2017_1173_1305,0.648145342516
2017_1116_1305,0.60001839803
2017_1305_1371,0.41617101449
2017_1305_1455,0.152450150715
2017_1243_1305,0.390451153924
2017_1305_1448,0.670721609669
2017_1292_1305,0.619405975572
2017_1305_1457,0.716055252361
2017_1245_1305,0.199292919804
2017_1297_1305,0.121471961762
2017_1305_1411,0.879739126247
2017_1233_1436,0.264177803408
2017_1240_1436,0.0512898429285
2017_1300_1436,0.104243039295
2017_1413_1436,0.113682077374
2017_1314_1436,0.920641159785
2017_1246_1436,0.913212148995
2017_1417_1436,0.805994048626
2017_1139_1436,0.711605013834
2017_1278_1436,0.401930069419
2017_1153_1436,0.797655995154
2017_1173_1436,0.666342372582
2017_1116_1436,0.619242248149
2017_1371_1436,0.603316516629
2017_1436_1455,0.142301642346
2017_1243_1436,0.409840500069
2017_1436_1448,0.652638911047
2017_1292_1436,0.638259789991
2017_1436_1457,0.699346151534
2017_1245_1436,0.212498883497
2017_1297_1436,0.130360743294
2017_1411_1436,0.129074053641
2017_1233_1240,0.869249323395
2017_1233_1300,0.755408863711
2017_1233_1413,0.736992870639
2017_1233_1314,0.0300505390034
2017_1233_1246,0.0330292584179
2017_1233_1417,0.0796244635598
2017_1139_1233,0.872857616821
2017_1233_1278,0.348453651575
2017_1153_1233,0.916443782432
2017_1173_1233,0.84747865384
2017_1116_1233,0.8190028203
2017_1233_1371,0.191146734023
2017_1233_1455,0.0562754311207
2017_1233_1243,0.341043362608
2017_1233_1448,0.403088261187
2017_1233_1292,0.169230319669
2017_1233_1457,0.455347615427
2017_1233_1245,0.571177068004
2017_1233_1297,0.705681199927
2017_1233_1411,0.708042892279
2017_1240_1300,0.317080941319
2017_1240_1413,0.296401412306
2017_1240_1314,0.00463601281552
2017_1240_1246,0.00510882014993
2017_1240_1417,0.0128389354253
2017_1139_1240,0.978571148616
2017_1240_1278,0.0744173901821
2017_1153_1240,0.98647864623
2017_1173_1240,0.973656872177
2017_1116_1240,0.967844767011
2017_1240_1371,0.0343079935003
2017_1240_1455,0.0088849945267
2017_1240_1243,0.0721891234232
2017_1240_1448,0.0921631639333
2017_1240_1292,0.0297137163161
2017_1240_1457,0.111651959636
2017_1240_1245,0.166833769951
2017_1240_1297,0.264951365663
2017_1240_1411,0.267177036602
2017_1300_1413,0.47550885701
2017_1300_1314,0.00992421773649
2017_1246_1300,0.989069575752
2017_1300_1417,0.0272280889683
2017_1139_1300,0.954993816401
2017_1278_1300,0.85249225226
2017_1153_1300,0.971346876139
2017_1173_1300,0.944976578487
2017_1116_1300,0.933270390383
2017_1300_1371,0.0710272195458
2017_1300_1455,0.0189277609525
2017_1243_1300,0.856569911536
2017_1300_1448,0.179306390808
2017_1292_1300,0.938169396568
2017_1300_1457,0.212901001116
2017_1245_1300,0.698841010975
2017_1297_1300,0.563146047158
2017_1300_1411,0.439659927051
2017_1314_1413,0.989079029575
2017_1246_1413,0.987972990935
2017_1413_1417,0.0299102768902
2017_1139_1413,0.950649188299
2017_1278_1413,0.839911446144
2017_1153_1413,0.968528852203
2017_1173_1413,0.939725978138
2017_1116_1413,0.926989035667
2017_1371_1413,0.922320556832
2017_1413_1455,0.0208097905223
2017_1243_1413,0.844273355658
2017_1413_1448,0.193982149648
2017_1292_1413,0.932315748035
2017_1413_1457,0.229557288009
2017_1245_1413,0.678103716587
2017_1297_1413,0.539225725733
2017_1411_1413,0.536392594318
2017_1246_1314,0.476242692583
2017_1314_1417,0.735831673852
2017_1139_1314,0.175750133303
2017_1278_1314,0.0548867918426
2017_1153_1314,0.254094203686
2017_1173_1314,0.147177235756
2017_1116_1314,0.123221676404
2017_1314_1371,0.883839141917
2017_1314_1455,0.657528346685
2017_1243_1314,0.0566135745728
2017_1314_1448,0.956029153722
2017_1292_1314,0.132298925711
2017_1314_1457,0.964180588549
2017_1245_1314,0.0227866432292
2017_1297_1314,0.0127880283126
2017_1314_1411,0.987355066108
2017_1246_1417,0.71808258876
2017_1139_1246,0.189085095124
2017_1246_1278,0.940284311985
2017_1153_1246,0.271416089254
2017_1173_1246,0.158761819879
2017_1116_1246,0.133215213381
2017_1246_1371,0.874336177769
2017_1246_1455,0.637112764588
2017_1243_1246,0.0615844923953
2017_1246_1448,0.952111972345
2017_1246_1292,0.857091346088
2017_1246_1457,0.960959930951
2017_1245_1246,0.0248656965017
2017_1246_1297,0.986032152388
2017_1246_1411,0.98618826395
2017_1139_1417,0.373410536479
2017_1278_1417,0.139645833768
2017_1153_1417,0.487728235364
2017_1173_1417,0.325388550994
2017_1116_1417,0.282018344938
2017_1371_1417,0.268646247054
2017_1417_1455,0.407213102153
2017_1243_1417,0.143633948582
2017_1417_1448,0.886095490655
2017_1292_1417,0.29880685052
2017_1417_1457,0.90593583517
2017_1245_1417,0.0611840367121
2017_1297_1417,0.0349393240187
2017_1411_1417,0.0345570393599
2017_1139_1278,0.786099252873
2017_1139_1153,0.385192311539
2017_1139_1173,0.552914411432
2017_1116_1139,0.397041351906
2017_1139_1371,0.618889671247
2017_1139_1455,0.29066385855
2017_1139_1243,0.780531461654
2017_1139_1448,0.822707606019
2017_1139_1292,0.58329688699
2017_1139_1457,0.851741740753
2017_1139_1245,0.901505855182
2017_1139_1297,0.942779181793
2017_1139_1411,0.943390956509
2017_1153_1278,0.85388284467
2017_1173_1278,0.747507973241
2017_1116_1278,0.706824353041
2017_1278_1371,0.307255763028
2017_1278_1455,0.100653857325
2017_1243_1278,0.507262566562
2017_1278_1448,0.558969796102
2017_1278_1292,0.276578734442
2017_1278_1457,0.610760280307
2017_1245_1278,0.28572240141
2017_1278_1297,0.818184560808
2017_1278_1411,0.819873926172
2017_1153_1173,0.664191349084
2017_1116_1153,0.291650016146
2017_1153_1371,0.7220019457
2017_1153_1455,0.395898004417
2017_1153_1243,0.850476316823
2017_1153_1448,0.881255781118
2017_1153_1292,0.691234682864
2017_1153_1457,0.901845745161
2017_1153_1245,0.936054649683
2017_1153_1297,0.963437690885
2017_1153_1411,0.963837067832
2017_1116_1173,0.44682398206
2017_1173_1371,0.569678958935
2017_1173_1455,0.250404011277
2017_1173_1243,0.743543742815
2017_1173_1448,0.790923968837
2017_1173_1292,0.532958542792
2017_1173_1457,0.824049941
2017_1173_1245,0.881819342643
2017_1173_1297,0.930708096772
2017_1173_1411,0.931439543856
2017_1116_1371,0.517114215846
2017_1116_1455,0.212735186614
2017_1116_1243,0.701072799751
2017_1116_1448,0.75370036151
2017_1116_1292,0.480002621379
2017_1116_1457,0.79116682444
2017_1116_1245,0.857870548719
2017_1116_1297,0.915719518214
2017_1116_1411,0.916595006315
2017_1371_1455,0.202060338761
2017_1243_1371,0.312713976354
2017_1371_1448,0.74144565611
2017_1292_1371,0.536182215521
2017_1371_1457,0.780232714797
2017_1245_1371,0.150234265607
2017_1297_1371,0.0894303952878
2017_1371_1411,0.911493418498
2017_1243_1455,0.102905575535
2017_1448_1455,0.0808106271153
2017_1292_1455,0.225673312796
2017_1455_1457,0.933696623644
2017_1245_1455,0.0426699791458
2017_1297_1455,0.024162424338
2017_1411_1455,0.0238951343226
2017_1243_1448,0.56660646601
2017_1243_1292,0.282831515633
2017_1243_1457,0.618112848853
2017_1243_1245,0.720569389183
2017_1243_1297,0.822756032068
2017_1243_1411,0.82441203667
2017_1292_1448,0.767166755376
2017_1448_1457,0.554686273235
2017_1245_1448,0.33506484027
2017_1297_1448,0.218708191224
2017_1411_1448,0.216766850072
2017_1292_1457,0.804472418182
2017_1245_1292,0.132362796134
2017_1292_1297,0.921873011319
2017_1292_1411,0.92268997479
2017_1245_1457,0.385305085992
2017_1297_1457,0.258278478786
2017_1411_1457,0.256101030104
2017_1245_1297,0.642891415472
2017_1245_1411,0.645503846759
2017_1297_1411,0.503349366456
